"0 - undefined","1 - undefined","0 - undefined","0 - undefined","0 - undefined","2 - 416","2 - 415","2 - 414","2 - 413","2 - 412","2 - 411","2 - 410","2 - 409","2 - 408","0 - undefined","0 - undefined","0 - undefined","0 - undefined","0 - undefined","0 - undefined","2 - 401","2 - 400","2 - 399","2 - 398","2 - 397","2 - 396","2 - 395","2 - 394","2 - 393","2 - 392","2 - 391","2 - 390","2 - 389","2 - 388","2 - 387","2 - 388","0 - undefined","0 - undefined","2 - 383","2 - 382","2 - 381","2 - 380","2 - 379","2 - 378","2 - 377","2 - 376","2 - 375","2 - 374","2 - 373","0 - undefined","0 - undefined","2 - undefined","0 - undefined","0 - undefined","0 - undefined","0 - undefined","0 - undefined","0 - undefined","0 - undefined","0 - undefined","0 - undefined","0 - undefined","0 - undefined","0 - undefined","0 - undefined","0 - undefined","0 - undefined","0 - undefined","0 - undefined","2 - 352","2 - 351","0 - undefined","0 - undefined","0 - undefined","0 - undefined","0 - undefined","2 - 345","2 - 344","2 - 343","0 - undefined","0 - undefined","0 - undefined","0 - undefined","2 - 338","2 - 337","2 - 336","2 - 337","2 - 338","2 - 339","2 - 340","2 - 341","2 - 342","2 - 343","2 - 344","2 - 343","2 - 342","2 - 341","2 - 340","2 - 339","2 - 338","2 - 337","2 - 336","2 - 335","2 - 334","2 - 333","2 - 332","2 - 331","2 - 330","2 - 329","2 - 328","2 - 327","2 - 326","2 - 325","2 - 324","2 - 323","2 - 322","2 - 321","2 - 320","2 - 319","2 - 318","2 - 317","2 - 316","2 - 315","2 - 314","2 - 313","2 - 312","2 - 311","2 - 310","2 - 309","2 - 308","2 - 307","2 - 306","2 - 305","2 - 304","2 - 303","2 - 302","2 - 301","2 - 300","2 - 301","0 - undefined","0 - undefined","0 - undefined","0 - undefined","0 - undefined"
"0 - undefined","1 - undefined","0 - undefined","0 - undefined","0 - undefined","2 - 415","2 - 414","2 - 413","2 - 412","2 - 411","2 - 410","2 - 409","2 - 408","2 - 407","0 - undefined","0 - undefined","0 - undefined","0 - undefined","0 - undefined","0 - undefined","2 - 400","2 - 399","2 - 398","2 - 397","2 - 396","2 - 395","2 - 394","2 - 393","2 - 392","2 - 391","2 - 390","2 - 389","2 - 388","2 - 387","2 - 386","0 - undefined","0 - undefined","0 - undefined","0 - undefined","2 - 381","2 - 380","2 - 379","2 - 378","2 - 377","2 - 376","2 - 375","2 - 374","2 - 373","2 - 372","0 - undefined","0 - undefined","0 - undefined","0 - undefined","0 - undefined","0 - undefined","0 - undefined","0 - undefined","2 - undefined","0 - undefined","0 - undefined","0 - undefined","0 - undefined","0 - undefined","0 - undefined","0 - undefined","0 - undefined","0 - undefined","0 - undefined","0 - undefined","2 - 351","2 - 350","0 - undefined","0 - undefined","0 - undefined","0 - undefined","0 - undefined","0 - undefined","2 - 343","2 - 342","0 - undefined","0 - undefined","0 - undefined","0 - undefined","2 - 337","2 - 336","2 - 335","2 - 336","2 - 337","2 - 338","2 - 339","2 - 340","2 - 341","2 - 342","2 - 343","2 - 342","2 - 341","2 - 340","2 - 339","2 - 338","2 - 337","2 - 336","2 - 335","2 - 334","2 - 333","2 - 332","2 - 331","2 - 330","2 - 329","2 - 328","2 - 327","2 - 326","2 - 325","2 - 324","2 - 323","2 - 322","2 - 321","2 - 320","2 - 319","2 - 318","2 - 317","2 - 316","2 - 315","2 - 314","2 - 313","2 - 312","2 - 311","2 - 310","2 - 309","2 - 308","2 - 307","2 - 306","2 - 305","2 - 304","2 - 303","2 - 302","2 - 301","2 - 300","2 - 299","0 - undefined","0 - undefined","0 - undefined","0 - undefined","0 - undefined","0 - undefined"
"0 - undefined","1 - undefined","0 - undefined","0 - undefined","0 - undefined","2 - 414","2 - 413","2 - 412","2 - 411","2 - 410","2 - 409","2 - 408","2 - 407","2 - 406","2 - 407","0 - undefined","0 - undefined","0 - undefined","0 - undefined","0 - undefined","2 - 399","2 - 398","2 - 397","2 - 396","2 - 395","2 - 394","2 - 393","2 - 392","2 - 391","2 - 390","2 - 389","2 - 388","2 - 387","2 - 386","2 - 385","0 - undefined","0 - undefined","0 - undefined","0 - undefined","2 - 380","2 - 379","2 - 378","2 - 377","2 - 376","2 - 375","2 - 374","2 - 373","2 - 372","2 - 371","2 - 370","0 - undefined","0 - undefined","0 - undefined","0 - undefined","0 - undefined","2 - undefined","2 - undefined","2 - undefined","0 - undefined","0 - undefined","0 - undefined","0 - undefined","0 - undefined","0 - undefined","0 - undefined","0 - undefined","0 - undefined","0 - undefined","2 - 351","2 - 350","2 - 349","0 - undefined","0 - undefined","0 - undefined","0 - undefined","0 - undefined","0 - undefined","2 - 342","2 - 341","2 - 340","0 - undefined","0 - undefined","2 - 337","2 - 336","2 - 335","2 - 334","2 - 335","2 - 336","2 - 337","2 - 338","2 - 339","2 - 340","2 - 341","2 - 342","2 - 343","2 - 342","0 - undefined","0 - undefined","0 - undefined","0 - undefined","0 - undefined","2 - 334","2 - 333","2 - 332","2 - 331","2 - 330","2 - 329","2 - 328","2 - 327","2 - 326","2 - 325","2 - 324","2 - 323","2 - 322","2 - 321","2 - 320","2 - 319","2 - 318","2 - 317","2 - 316","2 - 315","2 - 314","2 - 313","2 - 312","2 - 311","2 - 310","2 - 309","2 - 308","2 - 307","2 - 306","2 - 305","2 - 304","2 - 303","2 - 302","2 - 301","2 - 300","2 - 299","2 - 298","0 - undefined","0 - undefined","0 - undefined","0 - undefined","0 - undefined","0 - undefined"
"0 - undefined","1 - undefined","2 - undefined","2 - undefined","2 - 416","2 - 415","0 - undefined","0 - undefined","2 - 410","2 - 409","2 - 408","2 - 407","2 - 406","2 - 405","0 - undefined","0 - undefined","0 - undefined","0 - undefined","0 - undefined","2 - 399","2 - 398","2 - 397","2 - 396","2 - 395","2 - 394","2 - 393","2 - 392","2 - 393","0 - undefined","0 - undefined","0 - undefined","0 - undefined","0 - undefined","2 - 385","2 - 384","0 - undefined","0 - undefined","0 - undefined","0 - undefined","2 - 379","2 - 378","2 - 377","2 - 376","2 - 375","2 - 374","2 - 373","2 - 372","2 - 371","2 - 370","2 - 369","2 - 370","0 - undefined","0 - undefined","0 - undefined","0 - undefined","0 - undefined","2 - undefined","0 - undefined","0 - undefined","0 - undefined","0 - undefined","0 - undefined","0 - undefined","0 - undefined","0 - undefined","0 - undefined","2 - 352","2 - 351","2 - 350","2 - 349","2 - 348","0 - undefined","0 - undefined","0 - undefined","0 - undefined","0 - undefined","2 - 342","2 - 341","2 - 340","2 - 339","2 - 338","2 - 337","2 - 336","2 - 335","2 - 334","2 - 333","2 - 334","2 - 335","2 - 336","2 - 337","2 - 338","2 - 339","2 - 340","2 - 341","2 - 342","2 - 343","0 - undefined","0 - undefined","0 - undefined","0 - undefined","0 - undefined","2 - 335","2 - 334","2 - 333","2 - 332","2 - 331","2 - 330","2 - 329","2 - 328","2 - 327","2 - 326","2 - 325","2 - 324","2 - 323","2 - 322","2 - 321","2 - 320","2 - 319","0 - undefined","0 - undefined","0 - undefined","2 - 315","2 - 314","2 - 313","2 - 312","0 - undefined","0 - undefined","0 - undefined","2 - 306","2 - 305","2 - 304","2 - 303","2 - 302","2 - 301","2 - 300","2 - 299","2 - 298","2 - 297","0 - undefined","0 - undefined","0 - undefined","2 - 295","0 - undefined","0 - undefined"
"0 - undefined","1 - undefined","2 - undefined","2 - undefined","2 - undefined","0 - undefined","0 - undefined","0 - undefined","0 - undefined","2 - 408","2 - 407","2 - 406","2 - 405","2 - 404","0 - undefined","0 - undefined","0 - undefined","0 - undefined","0 - undefined","2 - 398","2 - 397","2 - 396","2 - 395","2 - 394","2 - 393","2 - 392","2 - 391","2 - 392","0 - undefined","0 - undefined","0 - undefined","0 - undefined","0 - undefined","2 - 384","2 - 383","2 - 382","2 - 381","2 - 380","2 - 379","2 - 378","2 - 377","2 - 376","2 - 375","2 - 374","2 - 373","2 - 372","2 - 371","2 - 370","2 - 369","2 - 368","0 - undefined","0 - undefined","0 - undefined","2 - 364","0 - undefined","0 - undefined","0 - undefined","0 - undefined","0 - undefined","0 - undefined","0 - undefined","0 - undefined","0 - undefined","0 - undefined","2 - 353","2 - 352","2 - 351","2 - 350","2 - 349","2 - 348","2 - 347","0 - undefined","0 - undefined","0 - undefined","0 - undefined","0 - undefined","2 - 341","2 - 340","2 - 339","2 - 338","2 - 337","2 - 336","2 - 335","2 - 334","2 - 333","2 - 332","2 - 333","2 - 334","2 - 335","2 - 336","2 - 337","2 - 338","2 - 339","2 - 340","2 - 341","0 - undefined","0 - undefined","0 - undefined","0 - undefined","0 - undefined","0 - undefined","2 - 336","2 - 335","2 - 334","2 - 333","2 - 332","2 - 331","2 - 330","2 - 329","2 - 328","2 - 327","2 - 326","2 - 325","2 - 324","2 - 323","2 - 322","2 - 321","2 - 320","0 - undefined","0 - undefined","0 - undefined","0 - undefined","2 - 315","2 - 314","0 - undefined","0 - undefined","0 - undefined","0 - undefined","2 - 305","2 - 304","2 - 303","2 - 302","2 - 301","2 - 300","2 - 299","2 - 298","2 - 297","2 - 296","2 - 295","2 - 294","2 - 293","2 - 294","0 - undefined","0 - undefined"
"0 - undefined","1 - undefined","2 - undefined","2 - undefined","2 - undefined","0 - undefined","0 - undefined","0 - undefined","0 - undefined","0 - undefined","2 - 408","0 - undefined","2 - 404","2 - 403","2 - 402","2 - 401","2 - 400","2 - 399","2 - 398","2 - 397","2 - 396","2 - 395","2 - 394","2 - 393","2 - 392","2 - 391","2 - 390","0 - undefined","0 - undefined","0 - undefined","0 - undefined","0 - undefined","0 - undefined","2 - 383","2 - 382","2 - 381","2 - 380","2 - 379","2 - 378","2 - 377","2 - 376","2 - 375","2 - 374","2 - 373","2 - 372","2 - 371","2 - 370","2 - 369","2 - 368","2 - 367","2 - 366","0 - undefined","0 - undefined","2 - 363","2 - 362","0 - undefined","0 - undefined","0 - undefined","0 - undefined","0 - undefined","2 - 356","0 - undefined","0 - undefined","0 - undefined","0 - undefined","2 - 351","2 - 350","2 - 349","2 - 348","2 - 347","2 - 346","2 - 345","2 - 344","2 - 343","2 - 342","2 - 341","2 - 340","2 - 339","2 - 338","2 - 337","2 - 336","2 - 335","2 - 334","2 - 333","2 - 332","2 - 331","2 - 332","2 - 333","2 - 334","2 - 335","2 - 336","2 - 337","2 - 338","2 - 339","2 - 340","0 - undefined","0 - undefined","0 - undefined","0 - undefined","0 - undefined","0 - undefined","2 - 337","2 - 336","2 - 335","2 - 334","2 - 333","2 - 332","2 - 331","2 - 330","2 - 329","2 - 328","2 - 327","2 - 326","2 - 325","2 - 324","2 - 323","2 - 322","2 - 321","2 - 322","0 - undefined","0 - undefined","0 - undefined","0 - undefined","0 - undefined","0 - undefined","0 - undefined","0 - undefined","2 - 305","2 - 304","2 - 303","2 - 302","2 - 301","2 - 300","2 - 299","2 - 298","2 - 297","2 - 296","2 - 295","2 - 294","2 - 293","2 - 292","2 - 293","0 - undefined","0 - undefined"
"0 - undefined","1 - undefined","0 - undefined","0 - undefined","0 - undefined","0 - undefined","0 - undefined","0 - undefined","0 - undefined","0 - undefined","0 - undefined","0 - undefined","2 - 403","2 - 402","2 - 401","2 - 400","2 - 399","2 - 398","2 - 397","2 - 396","2 - 395","2 - 394","2 - 393","2 - 392","2 - 391","2 - 390","2 - 389","0 - undefined","0 - undefined","0 - undefined","0 - undefined","0 - undefined","0 - undefined","2 - 382","2 - 381","2 - 380","2 - 379","2 - 378","2 - 377","2 - 376","2 - 375","2 - 374","2 - 373","2 - 372","2 - 371","2 - 370","2 - 369","2 - 368","2 - 367","2 - 366","2 - 365","2 - 364","2 - 363","2 - 362","2 - 361","0 - undefined","0 - undefined","0 - undefined","0 - undefined","2 - 356","2 - 355","2 - 354","0 - undefined","0 - undefined","0 - undefined","2 - 350","2 - 349","2 - 348","2 - 347","2 - 346","2 - 345","2 - 344","2 - 343","2 - 342","2 - 341","2 - 340","2 - 339","2 - 338","2 - 337","2 - 336","2 - 335","2 - 334","2 - 333","2 - 332","2 - 331","2 - 330","2 - 331","2 - 332","2 - 333","2 - 334","2 - 335","2 - 336","2 - 337","2 - 338","2 - 339","0 - undefined","0 - undefined","0 - undefined","0 - undefined","0 - undefined","0 - undefined","2 - 338","2 - 337","2 - 336","2 - 335","2 - 334","2 - 333","2 - 332","2 - 331","2 - 330","2 - 329","2 - 328","2 - 327","2 - 326","2 - 325","2 - 324","2 - 323","8 - 198","8 - 197","8 - 196","8 - 195","8 - 194","9 - 193","0 - undefined","0 - undefined","0 - undefined","0 - undefined","2 - 304","2 - 303","2 - 302","2 - 301","2 - 300","2 - 299","2 - 298","2 - 297","2 - 296","2 - 295","2 - 294","2 - 293","2 - 292","2 - 291","2 - 292","2 - 293","2 - 294"
"0 - undefined","1 - undefined","0 - undefined","0 - undefined","0 - undefined","0 - undefined","0 - undefined","0 - undefined","0 - undefined","0 - undefined","0 - undefined","0 - undefined","2 - 402","2 - 401","2 - 400","2 - 399","2 - 398","2 - 397","2 - 396","2 - 395","2 - 394","2 - 393","2 - 392","2 - 391","2 - 390","2 - 389","2 - 388","0 - undefined","0 - undefined","0 - undefined","0 - undefined","0 - undefined","0 - undefined","2 - 381","2 - 380","2 - 379","2 - 378","2 - 377","2 - 376","2 - 375","2 - 374","2 - 373","2 - 372","2 - 371","2 - 370","2 - 369","2 - 368","2 - 367","2 - 366","2 - 365","2 - 364","2 - 363","2 - 362","2 - 361","2 - 360","2 - 359","2 - 358","2 - 357","2 - 356","2 - 355","2 - 354","2 - 353","0 - undefined","0 - undefined","0 - undefined","2 - 349","2 - 348","2 - 347","2 - 346","2 - 345","2 - 344","2 - 343","2 - 342","2 - 341","2 - 340","2 - 339","2 - 338","2 - 337","2 - 336","2 - 335","2 - 334","2 - 333","2 - 332","2 - 331","2 - 330","2 - 329","2 - 330","2 - 331","2 - 332","2 - 333","2 - 334","2 - 335","2 - 336","2 - 337","2 - 338","2 - 339","0 - undefined","0 - undefined","0 - undefined","2 - 341","2 - 340","2 - 339","2 - 338","2 - 337","2 - 336","2 - 335","2 - 334","2 - 333","2 - 332","2 - 331","2 - 330","2 - 329","2 - 328","2 - 327","2 - 326","2 - 325","8 - 198","8 - 197","8 - 196","8 - 195","8 - 194","8 - 193","9 - 192","9 - 191","9 - 190","0 - undefined","2 - 306","2 - 305","2 - 304","2 - 303","2 - 302","2 - 301","2 - 300","2 - 299","0 - undefined","0 - undefined","0 - undefined","2 - 293","2 - 292","2 - 291","2 - 290","2 - 291","2 - 292","2 - 293"
"0 - undefined","1 - undefined","2 - undefined","2 - undefined","0 - undefined","0 - undefined","0 - undefined","0 - undefined","0 - undefined","0 - undefined","2 - 403","2 - 402","2 - 401","2 - 400","2 - 399","2 - 398","2 - 397","2 - 396","2 - 395","2 - 394","2 - 393","2 - 392","2 - 391","2 - 390","2 - 389","2 - 388","2 - 387","2 - 386","0 - undefined","0 - undefined","0 - undefined","2 - 382","2 - 381","2 - 380","2 - 379","2 - 378","2 - 377","2 - 376","2 - 375","2 - 374","2 - 373","2 - 372","2 - 371","2 - 370","2 - 369","2 - 368","2 - 367","2 - 366","2 - 365","2 - 364","2 - 363","2 - 362","2 - 361","2 - 360","2 - 359","2 - 358","2 - 357","2 - 356","2 - 355","2 - 354","2 - 353","2 - 352","2 - 351","0 - undefined","2 - 349","2 - 348","2 - 347","2 - 346","2 - 345","2 - 344","2 - 343","2 - 342","2 - 341","2 - 342","2 - 341","0 - undefined","0 - undefined","2 - 336","2 - 335","2 - 334","2 - 333","2 - 332","2 - 331","2 - 330","2 - 329","2 - 328","2 - 329","2 - 330","2 - 331","2 - 332","2 - 333","2 - 334","2 - 335","2 - 336","2 - 337","2 - 338","2 - 339","2 - 340","2 - 341","2 - 342","2 - 341","2 - 340","2 - 339","2 - 338","2 - 337","2 - 336","2 - 335","2 - 334","2 - 333","2 - 332","2 - 331","2 - 330","2 - 329","2 - 328","2 - 327","8 - 200","8 - 199","8 - 198","8 - 197","8 - 196","14 - 107","8 - 192","9 - 191","9 - 190","9 - 189","9 - 188","0 - undefined","0 - undefined","2 - 305","2 - 304","2 - 303","2 - 302","2 - 301","2 - 300","0 - undefined","0 - undefined","0 - undefined","0 - undefined","0 - undefined","0 - undefined","2 - 289","2 - 290","2 - 291","2 - 292"
"0 - undefined","1 - undefined","2 - undefined","2 - undefined","0 - undefined","0 - undefined","0 - undefined","0 - undefined","0 - undefined","0 - undefined","2 - 402","2 - 401","2 - 400","2 - 399","2 - 398","2 - 397","2 - 396","2 - 395","2 - 394","2 - 393","2 - 392","2 - 391","2 - 390","2 - 389","2 - 388","2 - 387","2 - 386","2 - 385","2 - 384","2 - 383","2 - 382","2 - 381","2 - 380","2 - 379","2 - 378","2 - 377","2 - 376","2 - 375","2 - 374","2 - 373","2 - 372","2 - 371","2 - 370","2 - 369","2 - 368","2 - 367","2 - 366","2 - 365","2 - 364","2 - 363","2 - 362","2 - 361","2 - 360","2 - 359","2 - 358","2 - 357","2 - 356","2 - 355","2 - 354","2 - 353","2 - 352","2 - 351","2 - 350","2 - 349","2 - 348","2 - 347","2 - 346","2 - 345","2 - 344","2 - 343","2 - 342","2 - 341","2 - 340","0 - undefined","0 - undefined","0 - undefined","0 - undefined","0 - undefined","0 - undefined","2 - 333","2 - 332","2 - 331","2 - 330","2 - 329","2 - 328","2 - 327","2 - 328","2 - 329","2 - 330","2 - 331","2 - 332","2 - 333","2 - 334","2 - 335","2 - 336","2 - 337","2 - 338","2 - 339","2 - 340","2 - 341","2 - 342","2 - 341","2 - 340","2 - 339","2 - 338","2 - 337","2 - 336","2 - 335","2 - 334","2 - 333","2 - 332","2 - 331","2 - 330","2 - 329","2 - 328","8 - 201","8 - 200","8 - 199","13 - 108","13 - 107","14 - 106","14 - 105","14 - 104","9 - 189","9 - 188","9 - 187","9 - 186","9 - 185","0 - undefined","0 - undefined","2 - 304","2 - 303","0 - undefined","0 - undefined","0 - undefined","0 - undefined","0 - undefined","0 - undefined","0 - undefined","0 - undefined","2 - 288","2 - 289","2 - 290","2 - 291"
"0 - undefined","1 - undefined","2 - undefined","2 - undefined","0 - undefined","0 - undefined","0 - undefined","0 - undefined","0 - undefined","0 - undefined","2 - 403","2 - 402","2 - 401","2 - 400","2 - 399","2 - 398","2 - 397","2 - 396","2 - 395","2 - 394","2 - 393","2 - 392","2 - 391","2 - 390","2 - 389","2 - 388","2 - 387","2 - 386","2 - 385","2 - 384","2 - 383","2 - 382","2 - 381","2 - 380","2 - 379","2 - 378","2 - 377","2 - 376","2 - 375","2 - 374","2 - 373","2 - 372","2 - 371","2 - 370","2 - 369","2 - 368","2 - 367","0 - undefined","0 - undefined","2 - 364","2 - 363","2 - 362","2 - 361","2 - 360","0 - undefined","0 - undefined","2 - 355","2 - 354","2 - 353","2 - 352","2 - 351","2 - 350","2 - 349","2 - 348","2 - 347","2 - 346","2 - 345","2 - 344","2 - 343","2 - 342","2 - 341","2 - 340","2 - 339","0 - undefined","0 - undefined","0 - undefined","0 - undefined","0 - undefined","0 - undefined","2 - 332","2 - 331","2 - 330","2 - 329","2 - 328","2 - 327","2 - 326","2 - 327","2 - 328","2 - 329","2 - 330","2 - 331","2 - 332","2 - 333","2 - 334","2 - 335","2 - 336","2 - 337","2 - 338","2 - 339","2 - 340","2 - 341","2 - 342","2 - 341","2 - 340","2 - 339","2 - 338","0 - undefined","0 - undefined","0 - undefined","2 - 334","2 - 333","2 - 332","2 - 331","2 - 330","8 - 203","8 - 202","8 - 201","13 - 108","13 - 107","13 - 106","14 - 105","14 - 104","14 - 103","14 - 102","9 - 187","9 - 186","9 - 185","9 - 184","9 - 183","9 - 182","10 - 181","10 - 180","10 - 179","0 - undefined","0 - undefined","0 - undefined","0 - undefined","0 - undefined","0 - undefined","0 - undefined","2 - 287","2 - 288","2 - 289","2 - 290"
"0 - undefined","1 - undefined","2 - 416","0 - undefined","0 - undefined","0 - undefined","0 - undefined","0 - undefined","0 - undefined","0 - undefined","0 - undefined","2 - 403","2 - 402","2 - 401","2 - 400","2 - 399","2 - 398","2 - 397","2 - 396","2 - 395","2 - 394","2 - 393","2 - 392","2 - 391","2 - 390","2 - 389","2 - 388","2 - 387","2 - 386","2 - 385","2 - 384","2 - 383","2 - 382","2 - 381","2 - 380","2 - 379","2 - 378","2 - 377","2 - 376","2 - 375","2 - 374","2 - 373","2 - 372","2 - 371","2 - 370","2 - 369","2 - 368","0 - undefined","0 - undefined","0 - undefined","2 - 364","2 - 363","0 - undefined","0 - undefined","0 - undefined","0 - undefined","0 - undefined","0 - undefined","2 - 354","2 - 353","2 - 352","2 - 351","0 - undefined","0 - undefined","0 - undefined","2 - 345","2 - 344","2 - 343","2 - 342","2 - 341","2 - 340","2 - 339","2 - 338","2 - 337","0 - undefined","0 - undefined","0 - undefined","0 - undefined","2 - 332","2 - 331","2 - 330","2 - 329","2 - 328","2 - 327","2 - 326","2 - 325","2 - 326","2 - 327","2 - 328","2 - 329","2 - 330","2 - 331","2 - 332","2 - 333","2 - 334","2 - 335","2 - 336","2 - 337","2 - 338","2 - 339","2 - 340","2 - 341","2 - 342","2 - 341","2 - 340","2 - 339","2 - 340","0 - undefined","0 - undefined","0 - undefined","0 - undefined","2 - 333","2 - 332","2 - 331","8 - 204","8 - 203","8 - 202","13 - 109","13 - 108","13 - 107","14 - 106","20 - 39","14 - 102","14 - 101","14 - 100","9 - 185","9 - 184","9 - 183","9 - 182","10 - 181","10 - 180","10 - 179","10 - 178","10 - 177","0 - undefined","0 - undefined","0 - undefined","0 - undefined","0 - undefined","2 - 287","2 - 286","2 - 287","2 - 288","2 - 289"
"0 - undefined","1 - 416","2 - 415","2 - 414","0 - undefined","2 - 410","2 - 409","2 - 408","2 - 407","2 - 406","2 - 405","2 - 404","2 - 403","2 - 402","2 - 401","2 - 400","2 - 399","2 - 398","2 - 397","2 - 396","2 - 395","2 - 394","2 - 393","0 - undefined","0 - undefined","2 - 390","2 - 389","2 - 388","2 - 387","2 - 386","2 - 385","0 - undefined","2 - 383","2 - 382","2 - 381","2 - 380","2 - 379","2 - 378","2 - 377","2 - 376","2 - 375","2 - 374","2 - 373","2 - 372","0 - undefined","0 - undefined","0 - undefined","0 - undefined","0 - undefined","0 - undefined","0 - undefined","0 - undefined","0 - undefined","0 - undefined","0 - undefined","0 - undefined","0 - undefined","0 - undefined","2 - 353","2 - 352","2 - 351","0 - undefined","0 - undefined","0 - undefined","0 - undefined","2 - 344","2 - 343","2 - 342","2 - 341","2 - 340","2 - 339","2 - 338","2 - 337","2 - 336","0 - undefined","0 - undefined","0 - undefined","0 - undefined","2 - 331","2 - 330","2 - 329","2 - 328","2 - 327","2 - 326","2 - 325","2 - 324","2 - 325","2 - 326","2 - 327","2 - 328","2 - 329","2 - 330","2 - 331","2 - 332","2 - 333","2 - 334","2 - 335","2 - 336","2 - 337","2 - 338","2 - 339","2 - 340","2 - 341","2 - 342","2 - 341","0 - undefined","0 - undefined","0 - undefined","0 - undefined","0 - undefined","0 - undefined","2 - 334","2 - 333","7 - 206","7 - 205","8 - 204","13 - 111","13 - 110","13 - 109","19 - 40","19 - 39","20 - 38","20 - 37","14 - 100","14 - 99","14 - 98","14 - 97","14 - 96","14 - 95","10 - 180","10 - 179","10 - 178","10 - 177","10 - 176","10 - 175","10 - 176","0 - undefined","0 - undefined","0 - undefined","2 - 286","2 - 285","2 - 286","2 - 287","2 - 288"
"0 - 416","1 - 415","2 - 414","2 - 413","2 - 412","2 - 411","2 - 410","2 - 409","2 - 408","2 - 407","2 - 406","2 - 405","2 - 404","2 - 403","2 - 402","2 - 401","2 - 400","2 - 399","2 - 398","2 - 397","0 - undefined","0 - undefined","2 - 394","0 - undefined","0 - undefined","0 - undefined","2 - 390","2 - 389","2 - 388","2 - 387","0 - undefined","0 - undefined","0 - undefined","0 - undefined","0 - undefined","0 - undefined","0 - undefined","0 - undefined","2 - 378","2 - 377","2 - 376","2 - 375","2 - 374","2 - 373","0 - undefined","0 - undefined","0 - undefined","0 - undefined","0 - undefined","0 - undefined","0 - undefined","0 - undefined","2 - undefined","0 - undefined","0 - undefined","0 - undefined","0 - undefined","0 - undefined","2 - 352","2 - 351","2 - 350","0 - undefined","0 - undefined","0 - undefined","0 - undefined","2 - 343","2 - 342","2 - 341","2 - 340","2 - 339","2 - 338","2 - 337","2 - 336","2 - 335","0 - undefined","2 - 333","2 - 332","0 - undefined","2 - 330","2 - 329","2 - 328","2 - 327","2 - 326","2 - 325","2 - 324","2 - 323","2 - 324","2 - 325","2 - 326","2 - 327","2 - 328","2 - 329","2 - 330","2 - 331","2 - 332","2 - 333","2 - 334","2 - 335","2 - 336","2 - 337","2 - 338","2 - 339","2 - 340","2 - 341","2 - 342","0 - undefined","0 - undefined","0 - undefined","0 - undefined","0 - undefined","2 - 336","2 - 335","7 - 208","7 - 207","7 - 206","7 - 205","13 - 112","13 - 111","19 - 40","19 - 39","19 - 38","20 - 37","20 - 36","20 - 35","14 - 98","14 - 97","14 - 96","14 - 95","15 - 94","15 - 93","15 - 92","15 - 91","10 - 176","10 - 175","10 - 174","10 - 175","2 - 282","0 - undefined","0 - undefined","0 - undefined","2 - 284","2 - 285","2 - 286","2 - 287"
"0 - undefined","1 - 416","2 - 415","2 - 414","2 - 413","2 - 412","2 - 411","2 - 410","2 - 409","2 - 408","0 - undefined","0 - undefined","0 - undefined","2 - 404","2 - 403","2 - 402","2 - 401","2 - 400","2 - 399","2 - 398","0 - undefined","0 - undefined","0 - undefined","0 - undefined","0 - undefined","2 - 392","2 - 391","2 - 390","2 - 389","2 - 388","2 - 389","0 - undefined","0 - undefined","0 - undefined","0 - undefined","0 - undefined","0 - undefined","2 - 380","2 - 379","2 - 378","2 - 377","2 - 376","2 - 375","2 - 374","2 - 375","0 - undefined","0 - undefined","0 - undefined","0 - undefined","0 - undefined","0 - undefined","2 - 360","0 - undefined","0 - undefined","0 - undefined","0 - undefined","0 - undefined","2 - 352","2 - 351","2 - 350","2 - 349","0 - undefined","0 - undefined","0 - undefined","0 - undefined","2 - 342","2 - 341","2 - 340","2 - 339","2 - 338","2 - 337","2 - 336","2 - 335","2 - 334","2 - 333","2 - 332","2 - 331","2 - 330","2 - 329","2 - 328","2 - 327","2 - 326","2 - 325","2 - 324","2 - 323","2 - 322","2 - 323","2 - 324","2 - 325","2 - 326","2 - 327","2 - 328","2 - 329","0 - undefined","2 - 333","2 - 334","2 - 335","2 - 336","2 - 337","2 - 338","2 - 339","2 - 340","2 - 341","2 - 342","2 - 343","2 - 344","0 - undefined","0 - undefined","0 - undefined","0 - undefined","0 - undefined","7 - 210","7 - 209","7 - 208","7 - 207","13 - 114","13 - 113","13 - 112","19 - 41","19 - 40","19 - 39","23 - 12","20 - 35","20 - 34","20 - 33","14 - 96","14 - 95","15 - 94","15 - 93","15 - 92","15 - 91","15 - 90","15 - 91","10 - 174","10 - 173","10 - 174","2 - 281","2 - 280","2 - 281","2 - 282","2 - 283","2 - 284","2 - 285","2 - 286"
"0 - undefined","1 - undefined","2 - 416","2 - 415","2 - 414","2 - 413","2 - 412","2 - 411","2 - 410","2 - 409","0 - undefined","0 - undefined","0 - undefined","0 - undefined","2 - 404","2 - 403","2 - 402","2 - 401","2 - 400","2 - 399","2 - 400","0 - undefined","0 - undefined","0 - undefined","0 - undefined","0 - undefined","0 - undefined","2 - 391","2 - 390","2 - 389","2 - 390","0 - undefined","0 - undefined","0 - undefined","0 - undefined","0 - undefined","0 - undefined","2 - 381","2 - 380","0 - undefined","0 - undefined","0 - undefined","2 - 376","2 - 375","2 - 376","0 - undefined","0 - undefined","0 - undefined","0 - undefined","0 - undefined","0 - undefined","2 - 359","0 - undefined","0 - undefined","0 - undefined","0 - undefined","0 - undefined","2 - 351","2 - 350","2 - 349","2 - 348","2 - 347","2 - 346","2 - 345","2 - 344","2 - 343","2 - 342","2 - 341","2 - 340","2 - 339","2 - 338","0 - undefined","0 - undefined","2 - 333","2 - 332","2 - 331","2 - 330","2 - 329","2 - 328","2 - 327","2 - 326","2 - 325","2 - 324","2 - 323","2 - 322","2 - 321","2 - 322","0 - undefined","0 - undefined","0 - undefined","0 - undefined","0 - undefined","0 - undefined","0 - undefined","0 - undefined","2 - 335","2 - 336","2 - 337","2 - 338","2 - 339","2 - 340","2 - 341","2 - 342","2 - 343","2 - 344","2 - 345","0 - undefined","0 - undefined","2 - undefined","7 - 213","7 - 212","7 - 211","7 - 210","7 - 209","13 - 116","13 - 115","13 - 114","13 - 113","19 - 42","19 - 41","19 - 40","23 - 11","23 - 10","20 - 33","20 - 32","20 - 31","20 - 30","20 - 29","20 - 28","20 - 29","20 - 30","15 - 89","15 - 90","15 - 91","10 - 172","10 - 173","10 - 174","2 - 279","2 - 280","2 - 281","2 - 282","2 - 283","2 - 284","2 - 285"
"0 - undefined","1 - undefined","2 - undefined","2 - 416","2 - 415","2 - 414","2 - 413","2 - 412","2 - 411","2 - 410","0 - undefined","0 - undefined","0 - undefined","0 - undefined","2 - 405","2 - 404","2 - 403","2 - 402","2 - 401","0 - undefined","0 - undefined","0 - undefined","0 - undefined","0 - undefined","0 - undefined","0 - undefined","0 - undefined","2 - 392","2 - 391","2 - 390","0 - undefined","0 - undefined","0 - undefined","0 - undefined","0 - undefined","0 - undefined","0 - undefined","0 - undefined","2 - 381","0 - undefined","0 - undefined","0 - undefined","2 - 377","0 - undefined","2 - 377","0 - undefined","0 - undefined","0 - undefined","0 - undefined","0 - undefined","0 - undefined","2 - 358","2 - 357","2 - 356","2 - 355","2 - 354","2 - 353","2 - 352","2 - 351","2 - 350","2 - 349","2 - 348","2 - 347","2 - 346","2 - 345","2 - 344","2 - 343","2 - 342","2 - 341","2 - 340","2 - 339","0 - undefined","0 - undefined","2 - 332","2 - 331","2 - 330","2 - 329","2 - 328","2 - 327","2 - 326","2 - 325","2 - 324","2 - 323","2 - 322","2 - 321","2 - 320","2 - 321","2 - 322","0 - undefined","0 - undefined","0 - undefined","0 - undefined","0 - undefined","0 - undefined","2 - 337","2 - 336","2 - 337","2 - 338","2 - 339","2 - 340","2 - 341","2 - 342","2 - 343","2 - 344","2 - 345","2 - 346","2 - 347","2 - 348","7 - 215","7 - 214","7 - 213","7 - 212","12 - 119","13 - 118","13 - 117","13 - 116","13 - 115","19 - 44","19 - 43","19 - 42","23 - 11","23 - 10","23 - 9","23 - 8","20 - 31","20 - 30","20 - 29","20 - 28","20 - 27","20 - 28","20 - 29","15 - 88","15 - 89","15 - 90","10 - 171","10 - 172","2 - 277","2 - 278","2 - 279","2 - 280","2 - 281","2 - 282","2 - 283","2 - 284"
"0 - undefined","1 - undefined","0 - undefined","2 - undefined","2 - 416","2 - 415","2 - 414","2 - 413","2 - 412","2 - 411","0 - undefined","0 - undefined","0 - undefined","0 - undefined","2 - 406","2 - 405","2 - 404","2 - 403","2 - 402","0 - undefined","0 - undefined","0 - undefined","0 - undefined","0 - undefined","2 - undefined","0 - undefined","0 - undefined","2 - 393","2 - 392","0 - undefined","0 - undefined","0 - undefined","0 - undefined","0 - undefined","0 - undefined","0 - undefined","0 - undefined","0 - undefined","0 - undefined","0 - undefined","0 - undefined","0 - undefined","0 - undefined","0 - undefined","0 - undefined","0 - undefined","0 - undefined","2 - 365","2 - 364","0 - undefined","0 - undefined","2 - 359","2 - 358","2 - 357","2 - 356","2 - 355","2 - 354","2 - 353","2 - 352","2 - 351","2 - 350","2 - 349","2 - 348","2 - 347","2 - 346","2 - 345","2 - 344","2 - 343","0 - undefined","0 - undefined","0 - undefined","0 - undefined","0 - undefined","0 - undefined","0 - undefined","0 - undefined","2 - 328","2 - 327","2 - 326","2 - 325","2 - 324","2 - 323","2 - 322","2 - 321","2 - 320","2 - 319","2 - 320","2 - 321","0 - undefined","0 - undefined","0 - undefined","0 - undefined","0 - undefined","0 - undefined","2 - 338","2 - 337","2 - 338","2 - 339","2 - 340","2 - 341","2 - 342","2 - 343","2 - 344","2 - 345","2 - 346","2 - 347","2 - 348","7 - 217","7 - 216","7 - 215","7 - 214","12 - 121","12 - 120","12 - 119","13 - 118","19 - 47","19 - 46","19 - 45","19 - 44","19 - 43","23 - 10","23 - 9","23 - 8","23 - 7","20 - 32","24 - 9","24 - 10","24 - 11","20 - 26","21 - 27","21 - 28","15 - 87","15 - 88","15 - 89","10 - 170","11 - 171","2 - 276","2 - 277","2 - 278","2 - 279","2 - 280","2 - 281","2 - 282","2 - 283"
"0 - undefined","1 - undefined","0 - undefined","2 - undefined","2 - undefined","2 - 416","2 - 415","2 - 414","2 - 413","2 - 412","2 - 411","2 - 410","2 - 409","2 - 408","2 - 407","2 - 406","2 - 405","2 - 404","2 - 403","2 - 404","0 - undefined","2 - 408","0 - undefined","0 - undefined","0 - undefined","2 - 414","2 - 415","0 - undefined","0 - undefined","0 - undefined","0 - undefined","0 - undefined","0 - undefined","0 - undefined","0 - undefined","0 - undefined","0 - undefined","0 - undefined","0 - undefined","0 - undefined","0 - undefined","0 - undefined","0 - undefined","0 - undefined","0 - undefined","0 - undefined","2 - 365","2 - 364","2 - 363","2 - 362","2 - 361","2 - 360","2 - 359","2 - 358","2 - 357","2 - 356","2 - 355","2 - 354","2 - 353","2 - 352","2 - 351","2 - 350","2 - 349","2 - 348","2 - 347","2 - 346","2 - 345","2 - 344","0 - undefined","0 - undefined","0 - undefined","0 - undefined","0 - undefined","0 - undefined","0 - undefined","0 - undefined","2 - 327","2 - 326","2 - 325","2 - 324","2 - 323","2 - 322","2 - 321","2 - 320","2 - 319","2 - 318","2 - 319","0 - undefined","0 - undefined","0 - undefined","0 - undefined","0 - undefined","0 - undefined","0 - undefined","0 - undefined","2 - 338","2 - 339","2 - 340","2 - 341","2 - 342","2 - 343","2 - 344","2 - 345","2 - 346","2 - 347","2 - 348","2 - 349","6 - 218","6 - 217","7 - 216","12 - 123","12 - 122","12 - 121","19 - 50","19 - 49","19 - 48","19 - 47","19 - 46","23 - 9","23 - 10","23 - 9","23 - 8","23 - 7","23 - 6","24 - 7","24 - 8","24 - 9","24 - 10","21 - 25","21 - 26","21 - 27","15 - 86","15 - 87","11 - 168","11 - 169","11 - 170","2 - 275","2 - 276","2 - 277","2 - 278","2 - 279","2 - 280","2 - 281","2 - 282"
"0 - undefined","1 - undefined","0 - undefined","2 - undefined","2 - undefined","2 - undefined","2 - 416","2 - 415","2 - 414","2 - 413","2 - 412","0 - undefined","0 - undefined","2 - 409","2 - 408","2 - 407","2 - 406","2 - 405","2 - 404","2 - 405","2 - 406","2 - 407","0 - undefined","0 - undefined","0 - undefined","2 - 413","2 - 414","0 - undefined","0 - undefined","0 - undefined","0 - undefined","0 - undefined","0 - undefined","0 - undefined","0 - undefined","2 - 407","0 - undefined","0 - undefined","0 - undefined","0 - undefined","0 - undefined","0 - undefined","0 - undefined","0 - undefined","0 - undefined","0 - undefined","2 - 366","2 - 365","2 - 364","2 - 363","2 - 362","2 - 361","2 - 360","2 - 359","2 - 358","2 - 357","2 - 356","2 - 355","2 - 354","2 - 353","2 - 352","2 - 351","2 - 350","2 - 349","2 - 348","2 - 347","2 - 346","2 - 345","2 - 346","2 - 347","0 - undefined","0 - undefined","0 - undefined","0 - undefined","2 - 328","2 - 327","2 - 326","2 - 325","2 - 324","2 - 323","2 - 322","2 - 321","2 - 320","2 - 319","2 - 318","2 - 317","0 - undefined","0 - undefined","0 - undefined","0 - undefined","0 - undefined","0 - undefined","0 - undefined","0 - undefined","0 - undefined","0 - undefined","2 - 340","2 - 341","2 - 342","2 - 343","2 - 344","2 - 345","0 - undefined","2 - 347","2 - 348","2 - 349","2 - 350","6 - 219","6 - 218","6 - 217","12 - 124","12 - 123","12 - 122","19 - 51","19 - 50","19 - 49","23 - 10","23 - 9","23 - 8","23 - 9","23 - 8","23 - 7","23 - 6","24 - 5","24 - 6","24 - 7","24 - 8","24 - 9","21 - 24","21 - 25","15 - 84","15 - 85","15 - 86","11 - 167","11 - 168","11 - 169","2 - 274","2 - 275","2 - 276","2 - 277","2 - 278","2 - 279","2 - 280","2 - 281"
"0 - undefined","1 - undefined","0 - undefined","0 - undefined","0 - undefined","2 - undefined","2 - undefined","2 - 416","2 - 415","2 - 414","2 - 413","0 - undefined","0 - undefined","0 - undefined","2 - 409","0 - undefined","0 - undefined","0 - undefined","2 - 405","2 - 406","2 - 407","2 - 408","2 - 409","2 - 410","2 - 411","2 - 412","0 - undefined","0 - undefined","0 - undefined","0 - undefined","0 - undefined","0 - undefined","0 - undefined","0 - undefined","0 - undefined","2 - 406","0 - undefined","0 - undefined","0 - undefined","0 - undefined","0 - undefined","0 - undefined","0 - undefined","0 - undefined","0 - undefined","2 - 368","2 - 367","2 - 366","2 - 365","2 - 364","2 - 363","2 - 362","2 - 361","2 - 360","2 - 359","2 - 358","2 - 357","2 - 356","2 - 355","2 - 354","2 - 353","2 - 352","2 - 351","2 - 350","2 - 349","2 - 348","2 - 347","2 - 346","2 - 347","2 - 348","0 - undefined","0 - undefined","0 - undefined","0 - undefined","0 - undefined","2 - 326","2 - 325","2 - 324","2 - 323","2 - 322","2 - 321","2 - 320","2 - 319","2 - 318","2 - 317","2 - 316","0 - undefined","0 - undefined","0 - undefined","0 - undefined","0 - undefined","0 - undefined","0 - undefined","0 - undefined","0 - undefined","0 - undefined","0 - undefined","0 - undefined","0 - undefined","2 - 344","0 - undefined","0 - undefined","0 - undefined","2 - 348","2 - 349","0 - undefined","0 - undefined","6 - 220","6 - 219","6 - 218","12 - 125","12 - 124","12 - 123","19 - 52","19 - 51","19 - 50","23 - 9","23 - 8","23 - 7","25 - END","25 - 1","25 - 2","25 - 3","25 - 4","24 - 5","24 - 6","24 - 7","21 - 24","21 - 23","15 - 84","15 - 83","15 - 84","11 - 167","11 - 166","11 - 167","2 - 272","2 - 273","2 - 274","2 - 275","2 - 276","2 - 277","2 - 278","2 - 279","2 - 280"
"0 - undefined","1 - undefined","0 - undefined","0 - undefined","2 - undefined","2 - undefined","2 - undefined","2 - undefined","2 - 416","2 - 415","2 - 414","0 - undefined","0 - undefined","0 - undefined","0 - undefined","0 - undefined","0 - undefined","0 - undefined","2 - 406","2 - 407","2 - 408","2 - 409","2 - 410","2 - 411","2 - 412","0 - undefined","0 - undefined","0 - undefined","0 - undefined","0 - undefined","0 - undefined","0 - undefined","2 - 406","0 - undefined","0 - undefined","2 - 405","2 - 406","0 - undefined","0 - undefined","0 - undefined","0 - undefined","0 - undefined","0 - undefined","0 - undefined","2 - 370","2 - 369","2 - 368","2 - 367","2 - 366","2 - 365","2 - 364","2 - 363","2 - 362","2 - 361","2 - 360","2 - 359","2 - 358","2 - 357","0 - undefined","0 - undefined","0 - undefined","2 - 353","2 - 352","2 - 351","2 - 350","2 - 349","2 - 348","2 - 347","2 - 348","0 - undefined","0 - undefined","0 - undefined","0 - undefined","0 - undefined","0 - undefined","2 - 325","2 - 324","2 - 323","2 - 322","2 - 321","2 - 320","2 - 319","2 - 318","2 - 317","2 - 316","2 - 315","0 - undefined","2 - 313","0 - undefined","2 - 311","0 - undefined","0 - undefined","0 - undefined","2 - 307","2 - 306","2 - 307","0 - undefined","0 - undefined","0 - undefined","0 - undefined","0 - undefined","0 - undefined","0 - undefined","2 - 349","0 - undefined","0 - undefined","0 - undefined","6 - 221","6 - 220","6 - 219","12 - 126","12 - 125","12 - 124","18 - 53","18 - 52","18 - 51","23 - 8","23 - 7","23 - 6","23 - 5","23 - 4","24 - 3","24 - 4","24 - 5","24 - 6","24 - 7","21 - 24","21 - 23","21 - 22","16 - 83","16 - 82","16 - 83","11 - 166","11 - 165","11 - 166","2 - 271","2 - 272","2 - 273","2 - 274","2 - 275","2 - 276","2 - 277","2 - 278","2 - 279"
"0 - undefined","1 - undefined","0 - undefined","2 - undefined","2 - undefined","2 - undefined","2 - undefined","2 - undefined","2 - undefined","2 - 416","2 - 415","0 - undefined","0 - undefined","0 - undefined","0 - undefined","0 - undefined","0 - undefined","2 - 408","2 - 407","0 - undefined","2 - 409","2 - 410","2 - 411","0 - undefined","0 - undefined","0 - undefined","0 - undefined","0 - undefined","0 - undefined","0 - undefined","0 - undefined","0 - undefined","2 - 405","2 - 404","2 - 403","2 - 404","2 - 405","2 - 406","2 - 407","0 - undefined","0 - undefined","0 - undefined","0 - undefined","0 - undefined","0 - undefined","2 - 370","2 - 369","2 - 368","2 - 367","2 - 366","2 - 365","2 - 364","2 - 363","2 - 362","2 - 361","2 - 360","2 - 359","0 - undefined","0 - undefined","0 - undefined","0 - undefined","2 - 354","2 - 353","2 - 352","2 - 351","2 - 350","2 - 349","2 - 348","2 - 349","0 - undefined","0 - undefined","2 - undefined","2 - undefined","0 - undefined","0 - undefined","2 - 324","2 - 323","2 - 322","2 - 321","2 - 320","2 - 319","2 - 318","2 - 317","2 - 316","2 - 315","2 - 314","2 - 313","2 - 312","2 - 311","2 - 310","0 - undefined","0 - undefined","0 - undefined","2 - 306","2 - 305","2 - 306","2 - 307","0 - undefined","0 - undefined","0 - undefined","0 - undefined","0 - undefined","0 - undefined","2 - 350","2 - 351","0 - undefined","0 - undefined","6 - 222","6 - 221","6 - 220","12 - 127","12 - 126","12 - 125","18 - 54","18 - 53","18 - 52","18 - 53","23 - 8","23 - 7","22 - 6","22 - 5","24 - 4","24 - 5","24 - 6","24 - 7","24 - 8","24 - 9","21 - 22","21 - 21","16 - 82","16 - 81","16 - 82","11 - 165","11 - 164","11 - 165","2 - 270","2 - 271","2 - 272","2 - 273","2 - 274","2 - 275","2 - 276","2 - 277","2 - 278"
"0 - undefined","1 - undefined","0 - undefined","2 - undefined","2 - undefined","2 - undefined","2 - undefined","2 - undefined","2 - undefined","0 - undefined","0 - undefined","0 - undefined","0 - undefined","0 - undefined","0 - undefined","0 - undefined","0 - undefined","2 - 409","2 - 408","0 - undefined","0 - undefined","2 - 411","0 - undefined","0 - undefined","0 - undefined","2 - 411","2 - 410","0 - undefined","0 - undefined","0 - undefined","0 - undefined","0 - undefined","0 - undefined","2 - 403","2 - 402","2 - 403","2 - 404","2 - 405","0 - undefined","0 - undefined","0 - undefined","0 - undefined","0 - undefined","0 - undefined","0 - undefined","2 - 371","2 - 370","2 - 369","2 - 368","2 - 367","2 - 366","2 - 365","2 - 364","2 - 363","2 - 362","2 - 361","2 - 360","0 - undefined","0 - undefined","0 - undefined","0 - undefined","2 - 355","2 - 354","2 - 353","2 - 352","2 - 351","2 - 350","2 - 349","2 - 350","2 - 351","2 - 352","0 - undefined","0 - undefined","2 - 325","2 - 324","2 - 323","2 - 322","2 - 321","2 - 320","2 - 319","2 - 318","2 - 317","2 - 316","2 - 315","2 - 314","2 - 313","2 - 312","2 - 311","2 - 310","2 - 309","0 - undefined","0 - undefined","2 - 306","2 - 305","2 - 304","2 - 305","2 - 306","0 - undefined","0 - undefined","0 - undefined","0 - undefined","0 - undefined","0 - undefined","0 - undefined","0 - undefined","0 - undefined","0 - undefined","6 - 223","6 - 222","6 - 221","6 - 222","12 - 127","12 - 126","12 - 127","18 - 54","18 - 53","18 - 54","18 - 55","18 - 56","22 - 7","22 - 6","24 - 5","24 - 6","22 - 15","24 - 8","24 - 9","24 - 10","24 - 11","21 - 20","21 - 21","16 - 80","16 - 81","11 - 164","11 - 163","11 - 164","2 - 269","2 - 270","2 - 271","2 - 272","2 - 273","2 - 274","2 - 275","2 - 276","2 - 277"
"0 - undefined","1 - undefined","0 - undefined","2 - undefined","2 - undefined","2 - undefined","2 - undefined","2 - undefined","2 - undefined","0 - undefined","0 - undefined","0 - undefined","0 - undefined","0 - undefined","0 - undefined","0 - undefined","0 - undefined","0 - undefined","2 - 409","0 - undefined","0 - undefined","0 - undefined","0 - undefined","0 - undefined","2 - 411","2 - 410","2 - 409","0 - undefined","0 - undefined","0 - undefined","0 - undefined","0 - undefined","0 - undefined","2 - 402","2 - 401","2 - 402","2 - 403","2 - 404","0 - undefined","0 - undefined","0 - undefined","2 - 378","0 - undefined","0 - undefined","0 - undefined","2 - 372","2 - 371","2 - 370","2 - 369","2 - 368","2 - 367","2 - 366","2 - 365","2 - 364","2 - 363","2 - 362","2 - 361","0 - undefined","0 - undefined","0 - undefined","0 - undefined","2 - 356","2 - 355","2 - 354","2 - 353","2 - 352","2 - 351","2 - 350","2 - 351","0 - undefined","0 - undefined","0 - undefined","0 - undefined","0 - undefined","0 - undefined","2 - 322","2 - 321","2 - 320","2 - 319","2 - 318","2 - 317","2 - 316","2 - 315","2 - 314","2 - 313","2 - 312","2 - 313","0 - undefined","0 - undefined","2 - 308","2 - 307","2 - 306","2 - 305","2 - 304","2 - 303","2 - 304","0 - undefined","0 - undefined","0 - undefined","0 - undefined","0 - undefined","0 - undefined","0 - undefined","0 - undefined","0 - undefined","0 - undefined","0 - undefined","0 - undefined","6 - 223","6 - 222","6 - 223","6 - 224","12 - 127","12 - 128","12 - 129","14 - 130","18 - 55","18 - 56","18 - 57","22 - 8","22 - 7","24 - 6","24 - 7","22 - 14","22 - 15","24 - 10","24 - 11","21 - 18","21 - 19","21 - 20","16 - 79","16 - 80","16 - 81","11 - 162","11 - 163","2 - 268","2 - 269","2 - 270","2 - 271","2 - 272","2 - 273","2 - 274","2 - 275","2 - 276"
"0 - undefined","1 - undefined","2 - undefined","2 - undefined","2 - undefined","2 - undefined","2 - undefined","2 - undefined","2 - undefined","0 - undefined","0 - undefined","0 - undefined","0 - undefined","0 - undefined","0 - undefined","0 - undefined","0 - undefined","0 - undefined","0 - undefined","2 - undefined","0 - undefined","0 - undefined","0 - undefined","0 - undefined","0 - undefined","0 - undefined","2 - 408","0 - undefined","0 - undefined","2 - 405","2 - 404","2 - 403","2 - 402","2 - 401","2 - 400","2 - 401","2 - 402","0 - undefined","0 - undefined","0 - undefined","2 - 378","2 - 377","2 - 376","2 - 375","2 - 374","2 - 373","2 - 372","2 - 371","2 - 370","2 - 369","2 - 368","2 - 367","2 - 366","2 - 365","2 - 364","2 - 363","2 - 362","2 - 361","2 - 360","2 - 359","2 - 358","2 - 357","2 - 356","2 - 355","2 - 354","2 - 353","2 - 352","2 - 351","2 - 352","0 - undefined","0 - undefined","0 - undefined","0 - undefined","0 - undefined","0 - undefined","2 - 321","2 - 320","2 - 319","2 - 318","2 - 317","2 - 316","2 - 315","2 - 314","2 - 313","2 - 312","2 - 311","2 - 312","0 - undefined","0 - undefined","0 - undefined","0 - undefined","0 - undefined","2 - 304","2 - 303","2 - 302","0 - undefined","0 - undefined","0 - undefined","0 - undefined","0 - undefined","0 - undefined","0 - undefined","0 - undefined","0 - undefined","0 - undefined","0 - undefined","0 - undefined","0 - undefined","0 - undefined","6 - 223","6 - 224","6 - 225","6 - 226","14 - 129","14 - 130","14 - 131","14 - 132","18 - 57","18 - 58","22 - 9","22 - 8","24 - 7","22 - 12","22 - 13","22 - 14","22 - 15","21 - 16","21 - 17","21 - 18","21 - 19","16 - 78","16 - 79","16 - 80","12 - 161","11 - 162","2 - 267","2 - 268","2 - 269","2 - 270","2 - 271","2 - 272","2 - 273","2 - 274","2 - 275"
"0 - undefined","1 - undefined","2 - undefined","2 - undefined","2 - undefined","2 - undefined","2 - undefined","2 - undefined","2 - undefined","2 - undefined","2 - undefined","2 - undefined","0 - undefined","0 - undefined","0 - undefined","2 - undefined","0 - undefined","0 - undefined","0 - undefined","0 - undefined","0 - undefined","0 - undefined","0 - undefined","0 - undefined","0 - undefined","0 - undefined","2 - 407","2 - 406","2 - 405","2 - 404","2 - 403","2 - 402","2 - 401","2 - 400","2 - 399","2 - 400","2 - 401","0 - undefined","0 - undefined","0 - undefined","2 - 379","0 - undefined","2 - 377","2 - 376","2 - 375","2 - 374","2 - 373","2 - 372","2 - 371","2 - 370","2 - 369","2 - 368","2 - 367","2 - 366","2 - 365","2 - 364","2 - 363","2 - 362","2 - 361","2 - 360","2 - 359","2 - 358","2 - 357","2 - 356","2 - 355","2 - 354","2 - 353","2 - 352","2 - 353","2 - 354","0 - undefined","0 - undefined","0 - undefined","0 - undefined","2 - 321","2 - 320","2 - 319","2 - 318","2 - 317","2 - 316","2 - 315","2 - 314","2 - 313","2 - 312","2 - 311","2 - 310","0 - undefined","0 - undefined","0 - undefined","0 - undefined","0 - undefined","2 - 304","2 - 303","2 - 302","2 - 301","0 - undefined","0 - undefined","0 - undefined","2 - 297","0 - undefined","0 - undefined","0 - undefined","2 - 293","2 - 292","2 - 291","0 - undefined","0 - undefined","0 - undefined","2 - 287","0 - undefined","6 - 225","6 - 226","6 - 227","5 - 228","14 - 131","14 - 132","14 - 133","18 - 58","18 - 59","22 - 10","22 - 9","22 - 10","22 - 11","22 - 12","17 - 71","21 - 16","21 - 17","21 - 18","21 - 19","16 - 76","16 - 77","16 - 78","16 - 79","12 - 160","12 - 161","2 - 266","2 - 267","2 - 268","2 - 269","2 - 270","2 - 271","2 - 272","2 - 273","2 - 274"
"0 - undefined","1 - undefined","2 - undefined","2 - undefined","2 - undefined","2 - undefined","2 - undefined","2 - undefined","2 - undefined","2 - undefined","2 - undefined","2 - undefined","0 - undefined","0 - undefined","0 - undefined","2 - undefined","2 - 416","2 - 415","0 - undefined","0 - undefined","0 - undefined","0 - undefined","0 - undefined","0 - undefined","0 - undefined","0 - undefined","2 - 406","2 - 405","2 - 404","2 - 403","2 - 402","2 - 401","2 - 400","2 - 399","2 - 398","0 - undefined","0 - undefined","2 - undefined","0 - undefined","0 - undefined","0 - undefined","0 - undefined","0 - undefined","2 - 377","2 - 376","2 - 375","2 - 374","2 - 373","2 - 372","2 - 371","2 - 370","2 - 369","2 - 368","2 - 367","2 - 366","2 - 365","2 - 364","2 - 363","2 - 362","2 - 361","2 - 360","2 - 359","2 - 358","2 - 357","2 - 356","2 - 355","2 - 354","2 - 353","2 - 354","2 - 355","0 - undefined","0 - undefined","0 - undefined","0 - undefined","2 - 320","2 - 319","2 - 318","2 - 317","2 - 316","2 - 315","2 - 314","2 - 313","2 - 312","2 - 311","2 - 310","2 - 309","0 - undefined","0 - undefined","0 - undefined","0 - undefined","0 - undefined","0 - undefined","2 - 302","2 - 301","2 - 300","2 - 299","2 - 298","2 - 297","2 - 296","0 - undefined","0 - undefined","0 - undefined","2 - 292","2 - 291","2 - 290","0 - undefined","0 - undefined","2 - 287","2 - 286","2 - 285","2 - 284","5 - 227","5 - 228","5 - 229","14 - 132","14 - 133","14 - 134","18 - 59","18 - 60","22 - 11","22 - 10","22 - 11","22 - 12","17 - 69","17 - 70","17 - 71","17 - 72","17 - 73","16 - 74","16 - 75","16 - 76","16 - 77","16 - 78","12 - 159","12 - 160","2 - 265","2 - 266","2 - 267","2 - 268","2 - 269","2 - 270","2 - 271","2 - 272","2 - 273"
"0 - undefined","1 - undefined","2 - undefined","2 - undefined","2 - undefined","2 - undefined","2 - undefined","2 - undefined","2 - undefined","2 - undefined","2 - undefined","2 - undefined","0 - undefined","0 - undefined","2 - undefined","2 - 416","2 - 415","2 - 414","2 - 413","2 - 412","2 - 411","0 - undefined","0 - undefined","2 - 408","2 - 407","2 - 406","2 - 405","2 - 404","2 - 403","2 - 402","2 - 401","2 - 400","2 - 399","2 - 398","2 - 397","0 - undefined","0 - undefined","0 - undefined","0 - undefined","0 - undefined","0 - undefined","0 - undefined","0 - undefined","2 - 378","2 - 377","2 - 376","2 - 375","2 - 374","2 - 373","2 - 372","2 - 371","2 - 370","2 - 369","2 - 368","2 - 367","2 - 366","0 - undefined","0 - undefined","2 - 363","2 - 362","2 - 361","2 - 360","2 - 359","2 - 358","2 - 357","2 - 356","2 - 355","2 - 354","2 - 355","2 - 356","0 - undefined","2 - 322","2 - 321","0 - undefined","2 - 319","2 - 318","2 - 317","2 - 316","2 - 315","2 - 314","2 - 313","2 - 312","2 - 311","2 - 310","2 - 309","2 - 308","2 - 307","2 - 308","0 - undefined","0 - undefined","0 - undefined","0 - undefined","2 - 301","2 - 300","2 - 299","2 - 298","2 - 297","2 - 296","2 - 295","0 - undefined","0 - undefined","2 - 292","2 - 291","2 - 290","2 - 289","2 - 288","2 - 287","2 - 286","2 - 285","2 - 284","2 - 283","2 - 282","5 - 229","5 - 230","5 - 231","14 - 134","14 - 135","18 - 60","18 - 61","17 - 62","22 - 11","17 - 66","17 - 67","17 - 68","17 - 69","17 - 70","17 - 71","17 - 72","16 - 73","16 - 74","16 - 75","16 - 76","12 - 157","12 - 158","12 - 159","2 - 264","2 - 265","2 - 266","2 - 267","2 - 268","2 - 269","2 - 270","2 - 271","2 - 272"
"0 - undefined","1 - undefined","2 - undefined","2 - undefined","0 - undefined","0 - undefined","0 - undefined","2 - undefined","2 - undefined","2 - undefined","2 - undefined","2 - undefined","2 - undefined","2 - undefined","2 - 416","2 - 415","2 - 414","2 - 413","2 - 412","2 - 411","2 - 410","0 - undefined","0 - undefined","2 - 407","2 - 406","2 - 405","2 - 404","2 - 403","2 - 402","2 - 401","2 - 400","2 - 399","2 - 398","2 - 397","2 - 396","2 - 395","0 - undefined","0 - undefined","0 - undefined","0 - undefined","0 - undefined","2 - 381","2 - 380","2 - 379","2 - 378","2 - 377","2 - 376","2 - 375","2 - 374","2 - 373","2 - 372","2 - 371","2 - 370","0 - undefined","0 - undefined","2 - 367","0 - undefined","0 - undefined","2 - 364","2 - 363","2 - 362","2 - 361","2 - 360","2 - 359","2 - 358","0 - undefined","0 - undefined","0 - undefined","0 - undefined","0 - undefined","2 - 322","2 - 321","2 - 320","2 - 319","2 - 318","2 - 317","2 - 316","2 - 315","2 - 314","2 - 313","2 - 312","2 - 311","2 - 310","2 - 309","2 - 308","2 - 307","2 - 306","0 - undefined","0 - undefined","2 - 303","2 - 302","2 - 301","2 - 300","2 - 299","2 - 298","2 - 297","2 - 296","2 - 295","2 - 294","2 - 293","2 - 292","2 - 291","2 - 290","2 - 289","2 - 288","2 - 287","2 - 286","2 - 285","2 - 284","2 - 283","2 - 282","2 - 281","5 - 230","5 - 231","5 - 232","14 - 135","14 - 136","18 - 61","18 - 62","17 - 63","17 - 64","17 - 65","17 - 66","17 - 67","13 - 148","13 - 149","13 - 150","12 - 151","16 - 74","16 - 75","12 - 154","12 - 155","12 - 156","12 - 157","12 - 158","2 - 263","2 - 264","2 - 265","2 - 266","2 - 267","2 - 268","2 - 269","2 - 270","2 - 271"
"0 - undefined","1 - undefined","2 - undefined","0 - undefined","0 - undefined","0 - undefined","0 - undefined","2 - undefined","2 - undefined","2 - undefined","2 - undefined","2 - undefined","2 - undefined","2 - 416","2 - 415","2 - 414","2 - 413","2 - 412","2 - 411","2 - 410","2 - 409","2 - 408","2 - 407","2 - 406","2 - 405","2 - 404","2 - 403","2 - 402","2 - 401","2 - 400","2 - 399","2 - 398","2 - 397","2 - 396","2 - 395","2 - 394","2 - 395","0 - undefined","0 - undefined","0 - undefined","0 - undefined","0 - undefined","2 - 381","2 - 380","2 - 379","2 - 378","2 - 377","2 - 376","2 - 375","2 - 374","2 - 373","2 - 372","2 - 371","0 - undefined","0 - undefined","0 - undefined","0 - undefined","0 - undefined","2 - 365","2 - 364","2 - 363","2 - 362","2 - 361","2 - 360","2 - 359","0 - undefined","0 - undefined","0 - undefined","0 - undefined","0 - undefined","2 - 323","2 - 322","2 - 321","0 - undefined","0 - undefined","0 - undefined","2 - 315","2 - 314","2 - 313","2 - 312","2 - 311","2 - 310","2 - 309","2 - 308","2 - 307","2 - 306","2 - 305","2 - 304","2 - 303","2 - 302","2 - 301","2 - 300","2 - 299","2 - 298","2 - 297","2 - 296","2 - 295","2 - 294","2 - 293","2 - 292","2 - 291","2 - 290","2 - 289","2 - 288","2 - 287","2 - 286","2 - 285","2 - 284","2 - 283","2 - 282","2 - 281","2 - 280","5 - 231","5 - 232","5 - 233","14 - 136","14 - 137","14 - 138","17 - 63","17 - 64","17 - 65","17 - 66","17 - 67","13 - 146","13 - 147","13 - 148","13 - 149","12 - 150","12 - 151","12 - 152","12 - 153","12 - 154","12 - 155","12 - 156","2 - 261","2 - 262","2 - 263","2 - 264","0 - undefined","0 - undefined","2 - 269","2 - 270","2 - 271","2 - 272"
"0 - undefined","1 - undefined","2 - undefined","0 - undefined","0 - undefined","0 - undefined","0 - undefined","2 - undefined","2 - undefined","2 - undefined","2 - undefined","2 - undefined","2 - 416","2 - 415","2 - 414","2 - 413","2 - 412","2 - 411","2 - 410","2 - 409","2 - 408","2 - 407","2 - 406","2 - 405","2 - 404","2 - 403","2 - 402","2 - 401","2 - 400","2 - 399","2 - 398","2 - 397","2 - 396","2 - 395","2 - 394","2 - 393","0 - undefined","0 - undefined","0 - undefined","2 - 387","0 - undefined","0 - undefined","2 - 382","2 - 381","2 - 380","2 - 379","0 - undefined","2 - 377","2 - 376","2 - 375","2 - 374","2 - 373","2 - 372","2 - 373","0 - undefined","0 - undefined","0 - undefined","0 - undefined","0 - undefined","0 - undefined","2 - 364","2 - 363","2 - 362","2 - 361","0 - undefined","0 - undefined","0 - undefined","0 - undefined","0 - undefined","0 - undefined","2 - 324","2 - 323","2 - 322","2 - 323","0 - undefined","0 - undefined","0 - undefined","2 - 315","2 - 314","0 - undefined","2 - 310","2 - 309","2 - 308","2 - 307","2 - 306","2 - 305","2 - 304","2 - 303","2 - 302","2 - 301","2 - 300","2 - 299","2 - 298","2 - 297","2 - 296","2 - 295","2 - 294","2 - 293","2 - 292","2 - 291","2 - 290","2 - 289","2 - 288","2 - 287","2 - 286","2 - 285","2 - 284","2 - 283","2 - 282","2 - 281","2 - 280","2 - 279","2 - 278","5 - 233","5 - 234","14 - 137","14 - 138","14 - 139","14 - 140","13 - 141","13 - 142","13 - 143","13 - 144","13 - 145","13 - 146","13 - 147","13 - 148","12 - 149","12 - 150","12 - 151","12 - 152","12 - 153","12 - 154","2 - 259","2 - 260","2 - 261","2 - 262","0 - undefined","0 - undefined","0 - undefined","2 - 268","2 - 269","2 - 270","2 - 271"
"0 - undefined","1 - undefined","2 - undefined","2 - undefined","0 - undefined","0 - undefined","0 - undefined","2 - undefined","2 - undefined","2 - undefined","2 - undefined","2 - undefined","2 - undefined","2 - 416","2 - 415","2 - 414","2 - 413","2 - 412","2 - 411","2 - 410","2 - 409","2 - 408","2 - 407","2 - 406","2 - 405","2 - 404","2 - 403","2 - 402","0 - undefined","0 - undefined","0 - undefined","0 - undefined","0 - undefined","2 - 394","2 - 393","2 - 392","2 - 391","0 - undefined","0 - undefined","2 - 386","2 - 385","2 - 384","2 - 383","0 - undefined","0 - undefined","0 - undefined","0 - undefined","2 - 378","2 - 377","2 - 376","2 - 375","2 - 374","0 - undefined","0 - undefined","0 - undefined","0 - undefined","0 - undefined","0 - undefined","0 - undefined","0 - undefined","2 - 365","2 - 364","2 - 363","2 - 362","0 - undefined","0 - undefined","0 - undefined","0 - undefined","0 - undefined","0 - undefined","2 - 325","2 - 324","2 - 323","2 - 324","0 - undefined","0 - undefined","0 - undefined","0 - undefined","0 - undefined","0 - undefined","0 - undefined","2 - 310","2 - 309","2 - 308","2 - 307","2 - 306","2 - 305","2 - 304","2 - 303","2 - 302","2 - 301","2 - 300","2 - 299","2 - 298","2 - 297","2 - 296","2 - 295","0 - undefined","2 - 293","2 - 292","0 - undefined","2 - 288","2 - 287","2 - 286","2 - 285","2 - 284","2 - 283","2 - 282","2 - 281","2 - 280","2 - 279","2 - 278","2 - 277","5 - 234","5 - 235","5 - 236","14 - 139","14 - 140","14 - 141","13 - 142","13 - 143","13 - 144","13 - 145","13 - 146","13 - 147","3 - 250","3 - 251","3 - 252","3 - 253","3 - 254","3 - 255","3 - 256","3 - 257","2 - 258","2 - 259","2 - 260","0 - undefined","0 - undefined","0 - undefined","2 - 266","2 - 267","2 - 268","2 - 269","2 - 270"
"0 - undefined","1 - undefined","2 - undefined","2 - undefined","2 - undefined","2 - undefined","2 - undefined","2 - undefined","2 - undefined","2 - undefined","2 - undefined","2 - undefined","2 - undefined","2 - undefined","2 - 416","2 - 415","2 - 414","2 - 413","2 - 412","2 - 411","2 - 410","2 - 409","2 - 408","2 - 407","2 - 406","2 - 405","2 - 404","2 - 403","0 - undefined","0 - undefined","0 - undefined","0 - undefined","0 - undefined","2 - 393","2 - 392","2 - 391","2 - 390","2 - 389","2 - 388","2 - 387","2 - 386","2 - 385","2 - 384","0 - undefined","0 - undefined","0 - undefined","0 - undefined","0 - undefined","0 - undefined","2 - 377","2 - 376","2 - 375","0 - undefined","0 - undefined","0 - undefined","0 - undefined","0 - undefined","2 - undefined","0 - undefined","0 - undefined","2 - 366","2 - 365","2 - 364","0 - undefined","0 - undefined","0 - undefined","0 - undefined","0 - undefined","0 - undefined","0 - undefined","2 - 326","2 - 325","0 - undefined","0 - undefined","0 - undefined","0 - undefined","0 - undefined","0 - undefined","0 - undefined","0 - undefined","2 - 310","2 - 309","2 - 308","2 - 307","2 - 306","2 - 305","2 - 304","2 - 303","2 - 302","2 - 301","2 - 300","2 - 299","2 - 298","2 - 297","2 - 296","2 - 295","2 - 296","0 - undefined","0 - undefined","0 - undefined","0 - undefined","2 - 287","2 - 286","2 - 285","2 - 284","2 - 283","2 - 282","2 - 281","2 - 280","2 - 279","2 - 278","2 - 277","2 - 276","5 - 235","5 - 236","5 - 237","4 - 238","14 - 141","13 - 142","13 - 143","13 - 144","13 - 145","13 - 146","4 - 247","3 - 248","3 - 249","3 - 250","3 - 251","3 - 252","3 - 253","3 - 254","3 - 255","3 - 256","3 - 257","2 - 258","0 - undefined","0 - undefined","0 - undefined","2 - 264","2 - 265","2 - 266","2 - 267","2 - 268","2 - 269"
"0 - undefined","1 - undefined","2 - undefined","2 - undefined","2 - undefined","2 - undefined","2 - undefined","2 - undefined","2 - undefined","2 - undefined","2 - undefined","2 - undefined","0 - undefined","0 - undefined","0 - undefined","2 - 416","2 - 415","2 - 414","2 - 413","2 - 412","2 - 411","2 - 410","2 - 409","2 - 408","2 - 407","2 - 406","2 - 405","0 - undefined","0 - undefined","0 - undefined","0 - undefined","0 - undefined","0 - undefined","2 - 394","2 - 393","2 - 392","2 - 391","2 - 390","2 - 389","2 - 388","2 - 387","2 - 386","2 - 385","2 - 386","0 - undefined","0 - undefined","0 - undefined","0 - undefined","2 - 379","2 - 378","2 - 377","2 - 376","2 - 377","0 - undefined","2 - 381","0 - undefined","0 - undefined","0 - undefined","2 - 369","2 - 368","2 - 367","2 - 366","2 - 365","0 - undefined","0 - undefined","2 - undefined","0 - undefined","0 - undefined","2 - 329","2 - 328","2 - 327","0 - undefined","0 - undefined","0 - undefined","0 - undefined","0 - undefined","0 - undefined","0 - undefined","0 - undefined","0 - undefined","2 - 309","2 - 308","2 - 307","2 - 306","2 - 305","2 - 304","2 - 303","2 - 302","2 - 301","2 - 300","2 - 299","2 - 298","2 - 297","2 - 296","2 - 295","2 - 294","2 - 295","0 - undefined","0 - undefined","0 - undefined","0 - undefined","2 - 286","2 - 285","2 - 284","2 - 283","2 - 282","2 - 281","2 - 280","2 - 279","2 - 278","2 - 277","2 - 276","2 - 275","2 - 274","5 - 237","5 - 238","4 - 239","4 - 240","4 - 241","4 - 242","4 - 243","4 - 244","4 - 245","4 - 246","3 - 247","3 - 248","3 - 249","3 - 250","3 - 251","3 - 252","3 - 253","3 - 254","2 - 255","2 - 256","2 - 257","0 - undefined","0 - undefined","0 - undefined","2 - 263","2 - 264","2 - 265","2 - 266","2 - 267","2 - 268"
"0 - undefined","1 - undefined","2 - undefined","2 - undefined","2 - undefined","2 - undefined","2 - undefined","2 - undefined","2 - undefined","2 - undefined","2 - undefined","0 - undefined","0 - undefined","0 - undefined","0 - undefined","2 - undefined","2 - 416","2 - 415","2 - 414","0 - undefined","2 - 412","2 - 411","2 - 410","2 - 409","2 - 408","2 - 407","2 - 406","0 - undefined","0 - undefined","0 - undefined","0 - undefined","0 - undefined","0 - undefined","2 - 395","2 - 394","2 - 393","2 - 392","2 - 391","2 - 390","2 - 389","2 - 388","2 - 387","2 - 386","0 - undefined","0 - undefined","0 - undefined","0 - undefined","0 - undefined","2 - 380","2 - 379","2 - 378","2 - 377","2 - 378","2 - 379","2 - 380","0 - undefined","0 - undefined","0 - undefined","0 - undefined","2 - 369","2 - 368","2 - 367","0 - undefined","0 - undefined","0 - undefined","2 - undefined","0 - undefined","2 - 331","2 - 330","2 - 329","2 - 328","0 - undefined","0 - undefined","0 - undefined","0 - undefined","0 - undefined","0 - undefined","0 - undefined","0 - undefined","0 - undefined","2 - 308","2 - 307","2 - 306","2 - 305","2 - 304","2 - 303","2 - 302","2 - 301","2 - 300","2 - 299","2 - 298","2 - 297","2 - 296","2 - 295","2 - 294","2 - 293","0 - undefined","0 - undefined","0 - undefined","0 - undefined","0 - undefined","0 - undefined","2 - 284","2 - 283","2 - 282","2 - 281","2 - 280","2 - 279","2 - 278","2 - 277","2 - 276","2 - 275","2 - 274","2 - 273","2 - 272","4 - 239","4 - 240","4 - 241","4 - 242","4 - 243","4 - 244","4 - 245","4 - 246","4 - 247","3 - 248","0 - undefined","2 - 250","2 - 251","2 - 252","2 - 253","2 - 254","2 - 255","2 - 256","2 - 257","2 - 258","2 - 259","2 - 260","2 - 261","2 - 262","2 - 263","2 - 264","2 - 265","2 - 266","2 - 267"
"0 - undefined","1 - undefined","0 - undefined","2 - undefined","2 - undefined","2 - undefined","2 - undefined","2 - undefined","2 - undefined","2 - undefined","2 - undefined","0 - undefined","0 - undefined","0 - undefined","0 - undefined","2 - undefined","2 - undefined","2 - 416","2 - 415","0 - undefined","0 - undefined","0 - undefined","2 - 411","0 - undefined","0 - undefined","0 - undefined","2 - 407","0 - undefined","0 - undefined","0 - undefined","0 - undefined","0 - undefined","0 - undefined","2 - 396","2 - 395","2 - 394","2 - 393","2 - 392","2 - 391","2 - 390","2 - 389","2 - 388","2 - 387","0 - undefined","0 - undefined","2 - 386","0 - undefined","0 - undefined","2 - 381","2 - 380","2 - 379","2 - 378","2 - 379","2 - 380","2 - 381","2 - 382","0 - undefined","0 - undefined","0 - undefined","0 - undefined","2 - 369","0 - undefined","0 - undefined","0 - undefined","0 - undefined","2 - undefined","0 - undefined","0 - undefined","0 - undefined","2 - 330","0 - undefined","0 - undefined","0 - undefined","0 - undefined","0 - undefined","0 - undefined","0 - undefined","0 - undefined","0 - undefined","0 - undefined","2 - 309","2 - 308","2 - 307","2 - 306","2 - 305","2 - 304","2 - 303","2 - 302","2 - 301","2 - 300","2 - 299","2 - 298","2 - 297","0 - undefined","0 - undefined","2 - 292","0 - undefined","0 - undefined","0 - undefined","0 - undefined","0 - undefined","0 - undefined","2 - 283","2 - 282","2 - 281","2 - 280","2 - 279","2 - 278","2 - 277","2 - 276","2 - 275","2 - 274","2 - 273","2 - 272","2 - 271","2 - 270","4 - 241","4 - 242","4 - 243","4 - 244","4 - 245","4 - 246","4 - 247","0 - undefined","0 - undefined","0 - undefined","2 - 251","2 - 252","2 - 253","2 - 254","2 - 255","2 - 256","2 - 257","2 - 258","2 - 259","2 - 260","2 - 261","2 - 262","2 - 263","2 - 264","2 - 265","0 - undefined","0 - undefined","0 - undefined"
"0 - undefined","1 - undefined","0 - undefined","0 - undefined","0 - undefined","2 - undefined","2 - undefined","2 - undefined","2 - undefined","2 - undefined","2 - undefined","2 - undefined","0 - undefined","0 - undefined","0 - undefined","2 - undefined","2 - undefined","2 - undefined","2 - 416","0 - undefined","0 - undefined","0 - undefined","0 - undefined","0 - undefined","0 - undefined","0 - undefined","2 - 406","2 - 405","0 - undefined","0 - undefined","0 - undefined","2 - 399","2 - 398","2 - 397","2 - 396","2 - 395","2 - 394","2 - 393","2 - 392","0 - undefined","0 - undefined","0 - undefined","2 - 388","2 - 387","2 - 386","2 - 385","2 - 384","2 - 383","2 - 382","2 - 381","2 - 380","2 - 379","2 - 380","2 - 381","2 - 382","2 - 383","2 - 384","0 - undefined","0 - undefined","0 - undefined","0 - undefined","0 - undefined","0 - undefined","0 - undefined","0 - undefined","2 - undefined","0 - undefined","0 - undefined","0 - undefined","0 - undefined","0 - undefined","0 - undefined","0 - undefined","0 - undefined","0 - undefined","0 - undefined","0 - undefined","0 - undefined","0 - undefined","0 - undefined","0 - undefined","2 - 309","0 - undefined","2 - 307","0 - undefined","0 - undefined","2 - 304","2 - 303","0 - undefined","0 - undefined","0 - undefined","2 - 299","0 - undefined","0 - undefined","0 - undefined","2 - 291","2 - 290","2 - 289","0 - undefined","0 - undefined","2 - 284","2 - 283","2 - 282","2 - 281","2 - 280","2 - 279","2 - 278","2 - 277","2 - 276","2 - 275","2 - 274","2 - 273","2 - 272","2 - 271","2 - 270","2 - 269","2 - 268","0 - undefined","0 - undefined","2 - 265","2 - 264","2 - 263","0 - undefined","0 - undefined","0 - undefined","0 - undefined","2 - 252","2 - 253","2 - 254","2 - 255","2 - 256","2 - 257","2 - 258","2 - 259","2 - 260","2 - 261","2 - 262","2 - 263","2 - 264","2 - 265","2 - 266","0 - undefined","0 - undefined","0 - undefined"
"0 - undefined","1 - undefined","0 - undefined","0 - undefined","0 - undefined","2 - undefined","2 - undefined","2 - undefined","2 - undefined","2 - undefined","2 - undefined","2 - undefined","2 - undefined","2 - undefined","2 - undefined","2 - undefined","2 - undefined","2 - undefined","2 - undefined","0 - undefined","0 - undefined","0 - undefined","0 - undefined","0 - undefined","0 - undefined","2 - 406","2 - 405","2 - 404","2 - 403","2 - 402","2 - 401","2 - 400","2 - 399","2 - 398","2 - 397","2 - 396","2 - 395","2 - 394","2 - 393","0 - undefined","0 - undefined","0 - undefined","2 - 389","2 - 388","2 - 387","2 - 386","2 - 385","2 - 384","2 - 383","2 - 382","2 - 381","2 - 380","2 - 381","2 - 382","2 - 383","2 - 384","2 - 385","0 - undefined","0 - undefined","0 - undefined","0 - undefined","0 - undefined","0 - undefined","0 - undefined","2 - undefined","2 - undefined","0 - undefined","0 - undefined","0 - undefined","0 - undefined","0 - undefined","0 - undefined","2 - undefined","2 - undefined","0 - undefined","0 - undefined","2 - 317","2 - 316","2 - 315","0 - undefined","2 - 311","2 - 310","0 - undefined","0 - undefined","0 - undefined","0 - undefined","2 - 305","2 - 304","0 - undefined","0 - undefined","0 - undefined","0 - undefined","0 - undefined","0 - undefined","0 - undefined","2 - 290","2 - 289","2 - 288","2 - 287","2 - 286","2 - 285","2 - 284","2 - 283","0 - undefined","0 - undefined","2 - 278","2 - 277","2 - 276","2 - 275","2 - 274","2 - 273","2 - 272","2 - 271","2 - 270","2 - 269","2 - 268","2 - 267","2 - 266","2 - 265","2 - 264","2 - 263","2 - 262","2 - 261","0 - undefined","0 - undefined","0 - undefined","2 - 253","2 - 254","2 - 255","2 - 256","2 - 257","2 - 258","2 - 259","2 - 260","2 - 261","2 - 262","2 - 263","2 - 264","2 - 265","2 - 266","2 - 267","0 - undefined","0 - undefined","0 - undefined"
"0 - undefined","1 - undefined","0 - undefined","0 - undefined","2 - undefined","2 - undefined","2 - undefined","2 - undefined","2 - undefined","2 - undefined","2 - undefined","2 - undefined","2 - undefined","2 - undefined","2 - undefined","2 - undefined","2 - undefined","2 - undefined","0 - undefined","0 - undefined","0 - undefined","0 - undefined","0 - undefined","0 - undefined","0 - undefined","2 - 407","2 - 406","2 - 405","2 - 404","2 - 403","2 - 402","2 - 401","2 - 400","2 - 399","2 - 398","2 - 397","0 - undefined","0 - undefined","0 - undefined","0 - undefined","0 - undefined","0 - undefined","0 - undefined","0 - undefined","2 - 388","2 - 387","2 - 386","2 - 385","2 - 384","2 - 383","2 - 382","2 - 381","2 - 382","2 - 383","2 - 384","2 - 385","2 - 386","2 - 387","0 - undefined","0 - undefined","0 - undefined","0 - undefined","0 - undefined","0 - undefined","0 - undefined","0 - undefined","0 - undefined","0 - undefined","0 - undefined","0 - undefined","0 - undefined","0 - undefined","2 - undefined","0 - undefined","0 - undefined","0 - undefined","2 - 316","2 - 315","2 - 314","2 - 313","2 - 312","2 - 311","0 - undefined","0 - undefined","0 - undefined","0 - undefined","0 - undefined","2 - 305","2 - 306","0 - undefined","0 - undefined","0 - undefined","0 - undefined","0 - undefined","0 - undefined","2 - 291","2 - 290","2 - 289","2 - 288","2 - 287","2 - 286","0 - undefined","0 - undefined","0 - undefined","0 - undefined","2 - 277","2 - 276","2 - 275","2 - 274","2 - 273","2 - 272","2 - 271","2 - 270","2 - 269","2 - 268","2 - 267","2 - 266","2 - 265","2 - 264","2 - 263","2 - 262","2 - 261","2 - 260","0 - undefined","0 - undefined","0 - undefined","2 - 254","2 - 255","2 - 256","2 - 257","2 - 258","2 - 259","2 - 260","2 - 261","2 - 262","2 - 263","2 - 264","2 - 265","0 - undefined","0 - undefined","0 - undefined","0 - undefined","0 - undefined","0 - undefined"
"0 - undefined","1 - undefined","0 - undefined","0 - undefined","0 - undefined","2 - undefined","2 - undefined","2 - undefined","2 - undefined","2 - undefined","2 - undefined","2 - undefined","2 - undefined","2 - undefined","2 - undefined","2 - undefined","2 - undefined","0 - undefined","0 - undefined","0 - undefined","0 - undefined","0 - undefined","0 - undefined","0 - undefined","0 - undefined","0 - undefined","0 - undefined","2 - 406","2 - 405","2 - 404","2 - 403","2 - 402","2 - 401","2 - 400","2 - 399","2 - 398","0 - undefined","0 - undefined","0 - undefined","0 - undefined","0 - undefined","0 - undefined","0 - undefined","0 - undefined","2 - 389","2 - 388","2 - 387","2 - 386","2 - 385","2 - 384","2 - 383","2 - 382","2 - 383","2 - 384","2 - 385","0 - undefined","0 - undefined","0 - undefined","0 - undefined","0 - undefined","0 - undefined","0 - undefined","0 - undefined","0 - undefined","0 - undefined","0 - undefined","0 - undefined","0 - undefined","0 - undefined","0 - undefined","0 - undefined","0 - undefined","0 - undefined","0 - undefined","2 - 319","2 - 318","2 - 317","2 - 316","2 - 315","2 - 314","2 - 313","0 - undefined","0 - undefined","0 - undefined","0 - undefined","0 - undefined","0 - undefined","2 - 306","0 - undefined","0 - undefined","0 - undefined","0 - undefined","0 - undefined","0 - undefined","0 - undefined","0 - undefined","0 - undefined","2 - 290","2 - 289","2 - 288","2 - 287","0 - undefined","0 - undefined","0 - undefined","0 - undefined","0 - undefined","0 - undefined","2 - 274","2 - 273","2 - 272","2 - 271","2 - 270","2 - 269","2 - 268","2 - 267","2 - 266","2 - 265","2 - 264","2 - 263","2 - 262","2 - 261","2 - 260","2 - 259","2 - 258","2 - 257","2 - 256","2 - 255","2 - 256","2 - 257","2 - 258","2 - 259","2 - 260","2 - 261","2 - 262","2 - 263","2 - 264","2 - 265","2 - 266","0 - undefined","0 - undefined","0 - undefined","0 - undefined","0 - undefined","0 - undefined"
